model,train_years,test_year,target_year,ridge_alpha,mae_dollars,rmse_dollars,r2_dollars,mae_log,rmse_log,r2_log
ols_linear_regression,2012-2022,2023,2024,,203890.73102006022,1260826.5137978306,-2.3199034283283564,0.1361139539232213,0.19762115063016178,0.8934603808586244
ridge_linear_regression,2012-2022,2023,2024,0.001,203890.69804659663,1260821.949982696,-2.3198793942555898,0.13611377908127403,0.1976209643351967,0.893460581725639
