model,train_years,test_year,target_year,ridge_alpha,mae_dollars,rmse_dollars,r2_dollars,mae_log_change,rmse_log_change,r2_log_change,mae_growth_pct_points,rmse_growth_pct_points,r2_growth_pct,rows,mean_error_pct,mape_pct,median_ape_pct,rmse_pct,p90_ape_pct,max_ape_pct
ols_linear_regression,2012-2022,2023,2024,,67244.53450683417,146824.99430855142,0.9549790380477556,0.0622815977603044,0.0938569983825441,-0.1590915673181114,6.385097867069011,9.396331077343977,-0.1869959652744093,1138.0,-1.0902133521420139,6.255011500825776,4.221136351934797,10.240411814006018,13.298454611293462,152.08656558342125
ridge_linear_regression,2012-2022,2023,2024,13.433993325989016,67151.23271795518,146840.32265599226,0.9549696372918036,0.0620473142438551,0.0935556219223539,-0.151659791774076,6.362031658729053,9.362108733286442,-0.1783654030354804,1138.0,-1.0505360604013252,6.235525998077253,4.1754159194100335,10.232260332579452,13.318228977093568,153.19772089402764
