model,train_rows_mean,train_rows_std,validation_rows_mean,validation_rows_std,ridge_alpha_mean,ridge_alpha_std,mae_dollars_mean,mae_dollars_std,rmse_dollars_mean,rmse_dollars_std,r2_dollars_mean,r2_dollars_std,mae_log_mean,mae_log_std,rmse_log_mean,rmse_log_std,r2_log_mean,r2_log_std
ols_linear_regression,8480.5,2171.516681952962,1156.6666666666667,12.675435561221015,,,185253.4303738929,59958.40378726778,958140.900624788,456646.2004750316,-2.303602850676892,2.9224936798729266,0.15768203846614634,0.021200830612806386,0.21532176551725635,0.021428262823223618,0.8758284019187682,0.03230385512090433
ridge_linear_regression,8480.5,2171.516681952962,1156.6666666666667,12.675435561221015,0.001,0.0,185253.47722081517,59957.9830069872,958139.770284165,456643.0200973121,-2.3035904478069167,2.9224703779379113,0.15768179015942585,0.021201000088221143,0.21532167653501263,0.021428261748988132,0.875828503312229,0.0323037795479526
