Model,MAPE (%),Median APE (%),R2 log change,R2 dollars
Ridge,6.235525998077253,4.1754159194100335,-0.151659791774076,0.9549696372918036
Random Forest,6.725603101115639,5.207498447653896,-0.2045796278237099,0.9657440040974088
XGBoost,6.800515967417674,5.414153890574267,-0.2096359563597611,0.963498001058419
