model,train_years,test_year,target_year,ridge_alpha,mae_dollars,rmse_dollars,r2_dollars,mae_log_change,rmse_log_change,r2_log_change,mae_growth_pct_points,rmse_growth_pct_points,r2_growth_pct,rows,mean_error_pct,mape_pct,median_ape_pct,rmse_pct,p90_ape_pct,max_ape_pct
ridge_linear_regression,2012-2022,2023,2024,13.433993325989016,67151.23271795518,146840.32265599226,0.9549696372918036,0.0620473142438551,0.0935556219223539,-0.151659791774076,6.362031658729053,9.362108733286442,-0.1783654030354804,1138.0,-1.0505360604013252,6.235525998077253,4.1754159194100335,10.232260332579452,13.318228977093568,153.19772089402764
random_forest,2012-2022,2023,2024,,68512.81469689964,128073.98023282386,0.9657440040974088,0.0682582681653407,0.0956809645863823,-0.2045796278237099,6.991029708920493,9.679770634280755,-0.2596873113916857,1138.0,-3.305270795239333,6.725603101115639,5.207498447653896,10.07914555332917,13.154926813430434,143.1763901642901
xgboost,2012-2022,2023,2024,,70737.28589355359,132205.92881356034,0.963498001058419,0.0693313162428638,0.0958815689096037,-0.2096359563597611,7.095848085538515,9.711045063808974,-0.2678403236745783,1138.0,-3.7497825162094456,6.800515967417674,5.414153890574267,10.061654823179785,13.299802269441624,147.23272436303773
