model,train_years,test_year,target_year,ridge_alpha,mae_dollars,rmse_dollars,r2_dollars,mae_log,rmse_log,r2_log,rows,mean_error_pct,mape_pct,median_ape_pct,rmse_pct,p90_ape_pct,max_ape_pct
ols_linear_regression,2012-2022,2023,2024,,203890.73102006025,1260826.5137978306,-2.3199034283283564,0.1361139539232213,0.1976211506301617,0.8934603808586244,1138.0,5.113256558099379,14.860673866585342,10.37117804554211,27.674140991296,27.643091033672178,491.0553934157268
ridge_linear_regression,2012-2022,2023,2024,0.001,203890.69804659663,1260821.949982696,-2.3198793942555898,0.136113779081274,0.1976209643351967,0.893460581725639,1138.0,5.1132238558269805,14.8606515193544,10.37093405012815,27.674080497679842,27.64310220844997,491.05279061244164
random_forest,2012-2022,2023,2024,,103232.6475020684,245971.66809911697,0.8736471746196933,0.0952816685233231,0.1373663502101731,0.9485239740273852,1138.0,-0.5982000738295692,9.510618709690155,6.873668099866731,14.5381334078835,19.770006692170046,203.53635350275235
xgboost,2012-2022,2023,2024,,68780.79092131273,135078.38073301342,0.9618946042386568,0.0694561894634248,0.0948277317337955,0.9754690132686916,1138.0,-3.5305922429500582,6.785959544391085,5.4259790163782196,9.518754833134983,13.108595628076284,88.22262864345363
