model,mae_log_change,rmse_log_change,r2_log_change,mae_growth_pct_points,rmse_growth_pct_points,r2_growth_pct,mae_dollars,rmse_dollars,r2_dollars,train_years,test_year,target_year,rows,mean_error_pct,mape_pct,median_ape_pct,rmse_pct,p90_ape_pct,max_ape_pct
random_forest,0.0682582681653407,0.0956809645863823,-0.2045796278237099,6.991029708920493,9.679770634280755,-0.2596873113916857,68512.81469689964,128073.98023282386,0.9657440040974088,2012-2022,2023,2024,1138.0,-3.305270795239333,6.725603101115639,5.207498447653896,10.07914555332917,13.154926813430434,143.1763901642901
