source_group,importance_sum_log_mae,importance_mean_log_mae,features
listings,0.2685770818926951,0.022381423491057924,12
demographics,0.10784486513246605,0.004313794605298642,25
amenities,0.0037681208994692936,0.0007536241798938588,5
school_quality,0.00359046853828012,0.0005984114230466866,6
other,0.002728253296863528,0.002728253296863528,1
crime,0.0015944350935537088,0.0007972175467768544,2
minimum_wage,0.0001493542994149888,4.978476647166293e-05,3
