metric,mean,std
train_rows,8480.5,2171.516681952962
validation_rows,1156.6666666666667,12.67543556122103
mae_dollars,93014.74953191586,33138.26508601784
rmse_dollars,210004.69268007707,53208.7628956801
r2_dollars,0.867636819963124,0.04569493161084016
mae_log,0.10311161524883167,0.02881712420614055
rmse_log,0.14340256974591534,0.027207334366683985
r2_log,0.9435757230510425,0.025415873737589276
