model,mae_log,rmse_log,r2_log,mae_dollars,rmse_dollars,r2_dollars,train_years,test_year,target_year,rows,mean_error_pct,mape_pct,median_ape_pct,rmse_pct,p90_ape_pct,max_ape_pct
random_forest,0.0952816685233231,0.1373663502101731,0.9485239740273852,103232.6475020684,245971.66809911697,0.8736471746196933,2012-2022,2023,2024,1138.0,-0.5982000738295692,9.510618709690155,6.873668099866731,14.5381334078835,19.770006692170046,203.53635350275235
