mae_log,rmse_log,r2_log,mae_dollars,rmse_dollars,r2_dollars,train_years,test_year,target_year
0.09528166852332311,0.13736635021017313,0.9485239740273852,103232.6475020684,245971.66809911694,0.8736471746196933,2012-2022,2023,2024
