metric,mean,std
train_rows,8480.5,2171.516681952962
validation_rows,1156.6666666666667,12.67543556122103
mae_dollars,67726.07522022315,20920.040153338272
rmse_dollars,128622.83607222525,22872.2526568858
r2_dollars,0.9503116380780914,0.011174879937834453
mae_log,0.08198960013040875,0.01858492276978384
rmse_log,0.11320807989952164,0.012133816829229352
r2_log,0.9655661253064403,0.009296403729154972
