fold,validation_year,train_rows,validation_rows,mae_dollars,rmse_dollars,r2_dollars,mae_log,rmse_log,r2_log
1,2017,5590,1146,41058.47709295289,112775.46852349948,0.9543454554417445,0.05447678367557037,0.0939769107275761,0.979173192633052
2,2018,6736,1155,54009.41023998226,107288.7867526596,0.9572420841034888,0.07075319401149323,0.10380847852317739,0.9736783413754574
3,2019,7891,1159,55473.935265956316,115435.52315142486,0.9528524126842133,0.07656622703956523,0.11714074859821899,0.9642326287780815
4,2020,9050,1178,85855.65745637224,158024.0723683263,0.9357304593978528,0.0992667494857836,0.12302663947741926,0.9584356403478232
5,2021,10228,1160,74616.6750884409,121061.3177900705,0.9638965777155863,0.08665696171983461,0.11538539932127835,0.9634485595849491
6,2022,11388,1142,95342.29617763431,157151.84784737078,0.9378028391256628,0.10421768485020544,0.12591030274945966,0.954428389119278
