model,mae_log,rmse_log,r2_log,mae_dollars,rmse_dollars,r2_dollars,train_years,test_year,target_year,rows,mean_error_pct,mape_pct,median_ape_pct,rmse_pct,p90_ape_pct,max_ape_pct
xgboost,0.0694561894634248,0.0948277317337955,0.9754690132686916,68780.79092131273,135078.38073301342,0.9618946042386568,2012-2022,2023,2024,1138.0,-3.5305922429500582,6.785959544391085,5.4259790163782196,9.518754833134983,13.108595628076284,88.22262864345363
