source_group,importance_sum_log_mae,importance_mean_log_mae,features
listings,0.005279483414212962,0.00043995695118441354,12
crime,0.00039422969209414736,0.00019711484604707368,2
other,3.264418377099676e-05,3.264418377099676e-05,1
amenities,4.052291456982382e-06,8.104582913964763e-07,5
minimum_wage,0.0,0.0,3
school_quality,-1.9871509536392717e-05,-3.311918256065453e-06,6
demographics,-0.0005853777122119208,-2.3415108488476834e-05,25
