model,mae_log_change,rmse_log_change,r2_log_change,mae_growth_pct_points,rmse_growth_pct_points,r2_growth_pct,mae_dollars,rmse_dollars,r2_dollars,train_years,test_year,target_year,rows,mean_error_pct,mape_pct,median_ape_pct,rmse_pct,p90_ape_pct,max_ape_pct
xgboost,0.0693313162428638,0.0958815689096037,-0.2096359563597611,7.095848085538515,9.711045063808974,-0.2678403236745783,70737.28589355359,132205.92881356034,0.963498001058419,2012-2022,2023,2024,1138.0,-3.7497825162094456,6.800515967417674,5.414153890574267,10.061654823179785,13.299802269441624,147.23272436303773
