mae_log,rmse_log,r2_log,mae_dollars,rmse_dollars,r2_dollars,train_years,test_year,target_year
0.06945618946342484,0.09482773173379559,0.9754690132686917,68780.79092131273,135078.38073301342,0.9618946042386568,2012-2022,2023,2024
